
select pg_catalog.setval('dataset_id_seq', 100, false);


insert into domain (domain_id, domain_name, domain_tag) values (1, 'Spatial XY', 'XY');
insert into domain (domain_id, domain_name, domain_tag) values (2, 'Spatial Z', 'Z');
insert into domain (domain_id, domain_name, domain_tag) values (3, 'Temporal', 'T');
insert into domain (domain_id, domain_name, domain_tag) values (4, 'Spectral', 'B');
insert into domain (domain_id, domain_name, domain_tag) values (5, 'Spatial XYZ', 'XYZ');


insert into datatype (datatype_id, datatype_name, numpy_datatype_name, gdal_datatype_name, netcdf_datatype_name) values (3, 'string', null, null, null);
insert into datatype (datatype_id, datatype_name, numpy_datatype_name, gdal_datatype_name, netcdf_datatype_name) values (1, 'int16', 'int16', 'int16', 'i2');
insert into datatype (datatype_id, datatype_name, numpy_datatype_name, gdal_datatype_name, netcdf_datatype_name) values (2, 'float32', 'float32', 'float32', 'f4');

insert into dimension (dimension_id, dimension_name, dimension_tag) values (1, 'longitude', 'X');
insert into dimension (dimension_id, dimension_name, dimension_tag) values (2, 'latitude', 'Y');
insert into dimension (dimension_id, dimension_name, dimension_tag) values (3, 'height/depth', 'Z');
insert into dimension (dimension_id, dimension_name, dimension_tag) values (5, 'spectral', 'LAMBDA');
insert into dimension (dimension_id, dimension_name, dimension_tag) values (4, 'time', 'T');

insert into dimension_domain (domain_id, dimension_id) values (1, 1);
insert into dimension_domain (domain_id, dimension_id) values (1, 2);
insert into dimension_domain (domain_id, dimension_id) values (2, 3);
insert into dimension_domain (domain_id, dimension_id) values (3, 4);
insert into dimension_domain (domain_id, dimension_id) values (4, 5);
insert into dimension_domain (domain_id, dimension_id) values (5, 1);
insert into dimension_domain (domain_id, dimension_id) values (5, 2);
insert into dimension_domain (domain_id, dimension_id) values (5, 3);

insert into indexing_type (indexing_type_id, indexing_type_name) values (1, 'regular');
insert into indexing_type (indexing_type_id, indexing_type_name) values (2, 'irregular');
insert into indexing_type (indexing_type_id, indexing_type_name) values (3, 'fixed');

insert into measurement_metatype (measurement_metatype_id, measurement_metatype_name) values (10, 'Multi-band Spectral Radiance');
insert into measurement_metatype (measurement_metatype_id, measurement_metatype_name) values (1, 'Spectral Radiance (Single Band)');
insert into measurement_metatype (measurement_metatype_id, measurement_metatype_name) values (3, 'Categorical Pixel Quality Bit-array Integer');

insert into observation_type (observation_type_id, observation_type_name) values (1, 'Optical Satellite');

insert into platform_type (platform_type_id, platform_type_name) values (1, 'Satellite');

insert into platform (platform_type_id, platform_id, platform_name, platform_tag) values (1, 5, 'Landsat 5', 'LS5');
insert into platform (platform_type_id, platform_id, platform_name, platform_tag) values (1, 7, 'Landsat 7', 'LS7');
insert into platform (platform_type_id, platform_id, platform_name, platform_tag) values (1, 8, 'Landsat 8', 'LS8');
insert into platform (platform_type_id, platform_id, platform_name, platform_tag) values (1, 100, 'MODIS Terra', 'MODIS-Terra');

insert into property (property_id, property_name, datatype_id) values (4, 'axis', 3);
insert into property (property_id, property_name, datatype_id) values (2, 'standard_name', 3);
insert into property (property_id, property_name, datatype_id) values (1, 'long_name', 3);
insert into property (property_id, property_name, datatype_id) values (3, 'units', 3);
insert into property (property_id, property_name, datatype_id) values (5, 'calendar', 3);

insert into reference_system (reference_system_id, reference_system_name, reference_system_unit, reference_system_definition, reference_system_tag) values (3, 'Australian Height Datum (AHD)', 'metres', 'AHD', 'AHD');
insert into reference_system (reference_system_id, reference_system_name, reference_system_unit, reference_system_definition, reference_system_tag) values (50, 'Landsat 5 Reflectance Bands', 'band', 'LS5', 'LS5');
insert into reference_system (reference_system_id, reference_system_name, reference_system_unit, reference_system_definition, reference_system_tag) values (70, 'Landsat 7 Spectral Bands', 'band', 'LS7', 'LS7');
insert into reference_system (reference_system_id, reference_system_name, reference_system_unit, reference_system_definition, reference_system_tag) values (80, 'Landsat 8 Band', 'band', 'LS8', 'LS8');
insert into reference_system (reference_system_id, reference_system_name, reference_system_unit, reference_system_definition, reference_system_tag) values (4326, 'Unprojected WGS84 (Lat-long)', 'degrees', 'EPSG:4326', 'EPSG:4326');
insert into reference_system (reference_system_id, reference_system_name, reference_system_unit, reference_system_definition, reference_system_tag) values (5, 'Year', 'year', 'YEAR', 'YEAR');
insert into reference_system (reference_system_id, reference_system_name, reference_system_unit, reference_system_definition, reference_system_tag) values (4, 'Seconds since 1/1/1970 0:00', 'seconds', 'seconds since 1970-01-01 00:00:00', 'SSE');

insert into instrument_type (instrument_type_id, instrument_type_name) values (1, 'Passive Satellite-borne');

insert into instrument (instrument_type_id, instrument_id, instrument_name, platform_type_id, platform_id, instrument_tag) values (1, 5, 'Thematic Mapper', 1, 5, 'TM');
insert into instrument (instrument_type_id, instrument_id, instrument_name, platform_type_id, platform_id, instrument_tag) values (1, 81, 'Operational Land Imager', 1, 8, 'OLI');
insert into instrument (instrument_type_id, instrument_id, instrument_name, platform_type_id, platform_id, instrument_tag) values (1, 82, 'Thermal Infrared Sensor', 1, 8, 'TIRS');
insert into instrument (instrument_type_id, instrument_id, instrument_name, platform_type_id, platform_id, instrument_tag) values (1, 8, 'Operational Land Imager / Thermal Infrared Sensor', 1, 8, 'OLI_TIRS');
insert into instrument (instrument_type_id, instrument_id, instrument_name, platform_type_id, platform_id, instrument_tag) values (1, 7, 'Enhanced Thematic Mapper Plus', 1, 7, 'ETM+');
insert into instrument (instrument_type_id, instrument_id, instrument_name, platform_type_id, platform_id, instrument_tag) values (1, 100, 'MODIS-Terra', 1, 100, 'MODIS-Terra');


insert into measurement_type (measurement_metatype_id, measurement_type_id, measurement_type_name, measurement_type_tag) values (1, 56, 'Band 6 - Thermal Infrared', 'B60');
insert into measurement_type (measurement_metatype_id, measurement_type_id, measurement_type_name, measurement_type_tag) values (1, 58, 'Band 8 - Panchromatic', 'B80');
insert into measurement_type (measurement_metatype_id, measurement_type_id, measurement_type_name, measurement_type_tag) values (1, 78, 'Band 8 - Panchromatic', 'B80');
insert into measurement_type (measurement_metatype_id, measurement_type_id, measurement_type_name, measurement_type_tag) values (1, 51, 'Band 1 - Visible Blue', 'B10');
insert into measurement_type (measurement_metatype_id, measurement_type_id, measurement_type_name, measurement_type_tag) values (1, 52, 'Band 2 - Visible Green', 'B20');
insert into measurement_type (measurement_metatype_id, measurement_type_id, measurement_type_name, measurement_type_tag) values (1, 72, 'Band 2 - Visible Green', 'B20');
insert into measurement_type (measurement_metatype_id, measurement_type_id, measurement_type_name, measurement_type_tag) values (1, 71, 'Band 1 - Visible Blue', 'B10');
insert into measurement_type (measurement_metatype_id, measurement_type_id, measurement_type_name, measurement_type_tag) values (1, 81, 'Band 1 - Coastal Aerosol', 'B1');
insert into measurement_type (measurement_metatype_id, measurement_type_id, measurement_type_name, measurement_type_tag) values (1, 82, 'Band 2 - Visible Blue', 'B2');
insert into measurement_type (measurement_metatype_id, measurement_type_id, measurement_type_name, measurement_type_tag) values (1, 53, 'Band 3 - Visible Red', 'B30');
insert into measurement_type (measurement_metatype_id, measurement_type_id, measurement_type_name, measurement_type_tag) values (1, 73, 'Band 3 - Visible Red', 'B30');
insert into measurement_type (measurement_metatype_id, measurement_type_id, measurement_type_name, measurement_type_tag) values (1, 84, 'Band 4 - Visible Red', 'B4');
insert into measurement_type (measurement_metatype_id, measurement_type_id, measurement_type_name, measurement_type_tag) values (1, 83, 'Band 3 - Visible Green', 'B3');
insert into measurement_type (measurement_metatype_id, measurement_type_id, measurement_type_name, measurement_type_tag) values (1, 54, 'Band 4 - Near Infrared', 'B40');
insert into measurement_type (measurement_metatype_id, measurement_type_id, measurement_type_name, measurement_type_tag) values (1, 74, 'Band 4 - Near Infrared', 'B40');
insert into measurement_type (measurement_metatype_id, measurement_type_id, measurement_type_name, measurement_type_tag) values (1, 85, 'Band 5 - Near Infrared', 'B5');
insert into measurement_type (measurement_metatype_id, measurement_type_id, measurement_type_name, measurement_type_tag) values (1, 55, 'Band 5 - Middle Infrared 1', 'B50');
insert into measurement_type (measurement_metatype_id, measurement_type_id, measurement_type_name, measurement_type_tag) values (1, 75, 'Band 5 - Middle Infrared 1', 'B50');
insert into measurement_type (measurement_metatype_id, measurement_type_id, measurement_type_name, measurement_type_tag) values (1, 77, 'Band 7 - Middle Infrared 2', 'B70');
insert into measurement_type (measurement_metatype_id, measurement_type_id, measurement_type_name, measurement_type_tag) values (1, 57, 'Band 7 - Middle Infrared 2', 'B70');
insert into measurement_type (measurement_metatype_id, measurement_type_id, measurement_type_name, measurement_type_tag) values (1, 86, 'Band 6 - Short-wave Infrared 1', 'B6');
insert into measurement_type (measurement_metatype_id, measurement_type_id, measurement_type_name, measurement_type_tag) values (1, 87, 'Band 7 - Short-wave Infrared 2', 'B7');
insert into measurement_type (measurement_metatype_id, measurement_type_id, measurement_type_name, measurement_type_tag) values (1, 88, 'Band 8 - Panchromatic', 'B8');
insert into measurement_type (measurement_metatype_id, measurement_type_id, measurement_type_name, measurement_type_tag) values (1, 89, 'Band 9 - Cirrus', 'B9');
insert into measurement_type (measurement_metatype_id, measurement_type_id, measurement_type_name, measurement_type_tag) values (1, 761, 'Band 61 - Thermal Infrared Low Gain', 'B61');
insert into measurement_type (measurement_metatype_id, measurement_type_id, measurement_type_name, measurement_type_tag) values (1, 762, 'Band 62 - Thermal Infrared High Gain', 'B62');
insert into measurement_type (measurement_metatype_id, measurement_type_id, measurement_type_name, measurement_type_tag) values (1, 810, 'Band 10 - Thermal Infrared 1', 'B10');
insert into measurement_type (measurement_metatype_id, measurement_type_id, measurement_type_name, measurement_type_tag) values (1, 811, 'Band 11 - Thermal Infrared 2', 'B11');
insert into measurement_type (measurement_metatype_id, measurement_type_id, measurement_type_name, measurement_type_tag) values (1, 101, 'Photosynthetic Vegetation', 'PV');
insert into measurement_type (measurement_metatype_id, measurement_type_id, measurement_type_name, measurement_type_tag) values (1, 102, 'Non-Photosynthetic Vegetation', 'NPV');
insert into measurement_type (measurement_metatype_id, measurement_type_id, measurement_type_name, measurement_type_tag) values (1, 103, 'Bare Soil', 'BS');
insert into measurement_type (measurement_metatype_id, measurement_type_id, measurement_type_name, measurement_type_tag) values (1, 104, 'Unmixing Error', 'UE');
insert into measurement_type (measurement_metatype_id, measurement_type_id, measurement_type_name, measurement_type_tag) values (10, 1000, 'Multi-Band Spectral Radiance', 'SPECTRAL');
insert into measurement_type (measurement_metatype_id, measurement_type_id, measurement_type_name, measurement_type_tag) values (1, 200, 'MODIS Surface Reflectance Band 1', 'MB1');
insert into measurement_type (measurement_metatype_id, measurement_type_id, measurement_type_name, measurement_type_tag) values (3, 3, 'Landsat Pixel Quality Bit-Array', 'PQ');
insert into measurement_type (measurement_metatype_id, measurement_type_id, measurement_type_name, measurement_type_tag) values (1, 201, 'MODIS Surface Reflectance Band 2', 'MB2');
insert into measurement_type (measurement_metatype_id, measurement_type_id, measurement_type_name, measurement_type_tag) values (1, 202, 'MODIS Surface Reflectance Band 3', 'MB3');
insert into measurement_type (measurement_metatype_id, measurement_type_id, measurement_type_name, measurement_type_tag) values (1, 203, 'MODIS Surface Reflectance Band 4', 'MB4');
insert into measurement_type (measurement_metatype_id, measurement_type_id, measurement_type_name, measurement_type_tag) values (1, 204, 'MODIS Surface Reflectance Band 5', 'MB5');
insert into measurement_type (measurement_metatype_id, measurement_type_id, measurement_type_name, measurement_type_tag) values (1, 205, 'MODIS Surface Reflectance Band 6', 'MB6');
insert into measurement_type (measurement_metatype_id, measurement_type_id, measurement_type_name, measurement_type_tag) values (1, 206, 'MODIS Surface Reflectance Band 7', 'MB7');
insert into measurement_type (measurement_metatype_id, measurement_type_id, measurement_type_name, measurement_type_tag) values (1, 207, 'MODIS Surface Reflectance Band 8', 'MB8');
insert into measurement_type (measurement_metatype_id, measurement_type_id, measurement_type_name, measurement_type_tag) values (1, 208, 'MODIS Surface Reflectance Band 9', 'MB9');
insert into measurement_type (measurement_metatype_id, measurement_type_id, measurement_type_name, measurement_type_tag) values (1, 209, 'MODIS Surface Reflectance Band 10', 'MB10');
insert into measurement_type (measurement_metatype_id, measurement_type_id, measurement_type_name, measurement_type_tag) values (1, 210, 'MODIS Surface Reflectance Band 11', 'MB11');
insert into measurement_type (measurement_metatype_id, measurement_type_id, measurement_type_name, measurement_type_tag) values (1, 211, 'MODIS Surface Reflectance Band 12', 'MB12');
insert into measurement_type (measurement_metatype_id, measurement_type_id, measurement_type_name, measurement_type_tag) values (1, 212, 'MODIS Surface Reflectance Band 13', 'MB13');
insert into measurement_type (measurement_metatype_id, measurement_type_id, measurement_type_name, measurement_type_tag) values (1, 213, 'MODIS Surface Reflectance Band 14', 'MB14');
insert into measurement_type (measurement_metatype_id, measurement_type_id, measurement_type_name, measurement_type_tag) values (1, 214, 'MODIS Surface Reflectance Band 15', 'MB15');
insert into measurement_type (measurement_metatype_id, measurement_type_id, measurement_type_name, measurement_type_tag) values (1, 215, 'MODIS Surface Reflectance Band 16', 'MB16');
insert into measurement_type (measurement_metatype_id, measurement_type_id, measurement_type_name, measurement_type_tag) values (1, 216, 'MODIS Surface Reflectance Band 17', 'MB17');
insert into measurement_type (measurement_metatype_id, measurement_type_id, measurement_type_name, measurement_type_tag) values (1, 217, 'MODIS Surface Reflectance Band 18', 'MB18');
insert into measurement_type (measurement_metatype_id, measurement_type_id, measurement_type_name, measurement_type_tag) values (1, 218, 'MODIS Surface Reflectance Band 19', 'MB19');
insert into measurement_type (measurement_metatype_id, measurement_type_id, measurement_type_name, measurement_type_tag) values (1, 225, 'MODIS Surface Reflectance Band 26', 'MB26');
insert into measurement_type (measurement_metatype_id, measurement_type_id, measurement_type_name, measurement_type_tag) values (1, 219, 'MODIS Surface Reflectance Band 20', 'MB20');
insert into measurement_type (measurement_metatype_id, measurement_type_id, measurement_type_name, measurement_type_tag) values (1, 220, 'MODIS Surface Reflectance Band 21', 'MB21');
insert into measurement_type (measurement_metatype_id, measurement_type_id, measurement_type_name, measurement_type_tag) values (1, 221, 'MODIS Surface Reflectance Band 22', 'MB22');
insert into measurement_type (measurement_metatype_id, measurement_type_id, measurement_type_name, measurement_type_tag) values (1, 222, 'MODIS Surface Reflectance Band 23', 'MB23');
insert into measurement_type (measurement_metatype_id, measurement_type_id, measurement_type_name, measurement_type_tag) values (1, 223, 'MODIS Surface Reflectance Band 24', 'MB24');
insert into measurement_type (measurement_metatype_id, measurement_type_id, measurement_type_name, measurement_type_tag) values (1, 224, 'MODIS Surface Reflectance Band 25', 'MB25');
insert into measurement_type (measurement_metatype_id, measurement_type_id, measurement_type_name, measurement_type_tag) values (1, 226, 'MODIS Surface Reflectance Band 27', 'MB27');
insert into measurement_type (measurement_metatype_id, measurement_type_id, measurement_type_name, measurement_type_tag) values (1, 227, 'MODIS Surface Reflectance Band 28', 'MB28');
insert into measurement_type (measurement_metatype_id, measurement_type_id, measurement_type_name, measurement_type_tag) values (1, 228, 'MODIS Surface Reflectance Band 29', 'MB29');
insert into measurement_type (measurement_metatype_id, measurement_type_id, measurement_type_name, measurement_type_tag) values (1, 229, 'MODIS Surface Reflectance Band 30', 'MB30');
insert into measurement_type (measurement_metatype_id, measurement_type_id, measurement_type_name, measurement_type_tag) values (1, 230, 'MODIS Surface Reflectance Band 31', 'MB31');
insert into measurement_type (measurement_metatype_id, measurement_type_id, measurement_type_name, measurement_type_tag) values (1, 231, 'MODIS Surface Reflectance Band 32', 'MB32');
insert into measurement_type (measurement_metatype_id, measurement_type_id, measurement_type_name, measurement_type_tag) values (1, 232, 'MODIS Surface Reflectance Band 33', 'MB33');
insert into measurement_type (measurement_metatype_id, measurement_type_id, measurement_type_name, measurement_type_tag) values (1, 233, 'MODIS Surface Reflectance Band 34', 'MB34');
insert into measurement_type (measurement_metatype_id, measurement_type_id, measurement_type_name, measurement_type_tag) values (1, 234, 'MODIS Surface Reflectance Band 35', 'MB35');
insert into measurement_type (measurement_metatype_id, measurement_type_id, measurement_type_name, measurement_type_tag) values (1, 235, 'MODIS Surface Reflectance Band 36', 'MB36');
insert into measurement_type (measurement_metatype_id, measurement_type_id, measurement_type_name, measurement_type_tag) values (1, 250, '500m MODIS Reflectance Band Quality', 'RBQ500');
insert into measurement_type (measurement_metatype_id, measurement_type_id, measurement_type_name, measurement_type_tag) values (1, 260, '1km MODIS Reflectance Band Quality', 'RBQ1000');

insert into reference_system_indexing (reference_system_id, array_index, indexing_name, measurement_metatype_id, measurement_type_id) values (50, 0, 'Band 1 - Visible Blue', 1, 51);
insert into reference_system_indexing (reference_system_id, array_index, indexing_name, measurement_metatype_id, measurement_type_id) values (50, 1, 'Band 2 - Visible Green', 1, 52);
insert into reference_system_indexing (reference_system_id, array_index, indexing_name, measurement_metatype_id, measurement_type_id) values (50, 2, 'Band 3 - Visible Red', 1, 53);
insert into reference_system_indexing (reference_system_id, array_index, indexing_name, measurement_metatype_id, measurement_type_id) values (50, 3, 'Band 4 - Near Infrared', 1, 54);
insert into reference_system_indexing (reference_system_id, array_index, indexing_name, measurement_metatype_id, measurement_type_id) values (50, 4, 'Band 5 - Middle Infrared 1', 1, 55);
insert into reference_system_indexing (reference_system_id, array_index, indexing_name, measurement_metatype_id, measurement_type_id) values (50, 5, 'Band 7 - Middle Infrared 2', 1, 57);



insert into dataset_type (dataset_type_id, dataset_type_name, dataset_type_tag) values (2, 'NBAR', 'NBAR');
insert into dataset_type (dataset_type_id, dataset_type_name, dataset_type_tag) values (3, 'PQ', 'PQ');
insert into dataset_type (dataset_type_id, dataset_type_name, dataset_type_tag) values (4, 'FC', 'FC');
insert into dataset_type (dataset_type_id, dataset_type_name, dataset_type_tag) values (1, 'ORTHO', 'ORTHO');
insert into dataset_type (dataset_type_id, dataset_type_name, dataset_type_tag) values (5, 'L1T', 'L1T');
insert into dataset_type (dataset_type_id, dataset_type_name, dataset_type_tag) values (20, 'MOD09', 'MOD09');
insert into dataset_type (dataset_type_id, dataset_type_name, dataset_type_tag) values (22, 'RBQ500', 'RBQ500');

insert into dataset_type_domain (dataset_type_id, domain_id, reference_system_id) values (1, 1, 4326);
insert into dataset_type_domain (dataset_type_id, domain_id, reference_system_id) values (2, 1, 4326);
insert into dataset_type_domain (dataset_type_id, domain_id, reference_system_id) values (3, 1, 4326);
insert into dataset_type_domain (dataset_type_id, domain_id, reference_system_id) values (4, 1, 4326);
insert into dataset_type_domain (dataset_type_id, domain_id, reference_system_id) values (5, 1, 4326);
insert into dataset_type_domain (dataset_type_id, domain_id, reference_system_id) values (1, 3, 4);
insert into dataset_type_domain (dataset_type_id, domain_id, reference_system_id) values (2, 3, 4);
insert into dataset_type_domain (dataset_type_id, domain_id, reference_system_id) values (3, 3, 4);
insert into dataset_type_domain (dataset_type_id, domain_id, reference_system_id) values (4, 3, 4);
insert into dataset_type_domain (dataset_type_id, domain_id, reference_system_id) values (5, 3, 4);
insert into dataset_type_domain (dataset_type_id, domain_id, reference_system_id) values (20, 1, 4326);
insert into dataset_type_domain (dataset_type_id, domain_id, reference_system_id) values (20, 3, 4);
insert into dataset_type_domain (dataset_type_id, domain_id, reference_system_id) values (22, 1, 4326);
insert into dataset_type_domain (dataset_type_id, domain_id, reference_system_id) values (22, 3, 4);

insert into dataset_type_dimension (dataset_type_id, domain_id, dimension_id, dimension_order, reverse_index) values (1, 1, 1, 3, false);
insert into dataset_type_dimension (dataset_type_id, domain_id, dimension_id, dimension_order, reverse_index) values (1, 1, 2, 2, false);
insert into dataset_type_dimension (dataset_type_id, domain_id, dimension_id, dimension_order, reverse_index) values (1, 3, 4, 1, false);
insert into dataset_type_dimension (dataset_type_id, domain_id, dimension_id, dimension_order, reverse_index) values (2, 1, 1, 3, false);
insert into dataset_type_dimension (dataset_type_id, domain_id, dimension_id, dimension_order, reverse_index) values (2, 1, 2, 2, false);
insert into dataset_type_dimension (dataset_type_id, domain_id, dimension_id, dimension_order, reverse_index) values (2, 3, 4, 1, false);
insert into dataset_type_dimension (dataset_type_id, domain_id, dimension_id, dimension_order, reverse_index) values (3, 1, 1, 3, false);
insert into dataset_type_dimension (dataset_type_id, domain_id, dimension_id, dimension_order, reverse_index) values (3, 1, 2, 2, false);
insert into dataset_type_dimension (dataset_type_id, domain_id, dimension_id, dimension_order, reverse_index) values (3, 3, 4, 1, false);
insert into dataset_type_dimension (dataset_type_id, domain_id, dimension_id, dimension_order, reverse_index) values (4, 1, 1, 3, false);
insert into dataset_type_dimension (dataset_type_id, domain_id, dimension_id, dimension_order, reverse_index) values (4, 1, 2, 2, false);
insert into dataset_type_dimension (dataset_type_id, domain_id, dimension_id, dimension_order, reverse_index) values (4, 3, 4, 1, false);
insert into dataset_type_dimension (dataset_type_id, domain_id, dimension_id, dimension_order, reverse_index) values (5, 1, 1, 3, false);
insert into dataset_type_dimension (dataset_type_id, domain_id, dimension_id, dimension_order, reverse_index) values (5, 1, 2, 2, false);
insert into dataset_type_dimension (dataset_type_id, domain_id, dimension_id, dimension_order, reverse_index) values (5, 3, 4, 1, false);
insert into dataset_type_dimension (dataset_type_id, domain_id, dimension_id, dimension_order, reverse_index) values (20, 1, 1, 3, false);
insert into dataset_type_dimension (dataset_type_id, domain_id, dimension_id, dimension_order, reverse_index) values (20, 1, 2, 2, false);
insert into dataset_type_dimension (dataset_type_id, domain_id, dimension_id, dimension_order, reverse_index) values (20, 3, 4, 1, false);
insert into dataset_type_dimension (dataset_type_id, domain_id, dimension_id, dimension_order, reverse_index) values (22, 1, 1, 3, false);
insert into dataset_type_dimension (dataset_type_id, domain_id, dimension_id, dimension_order, reverse_index) values (22, 1, 2, 2, false);
insert into dataset_type_dimension (dataset_type_id, domain_id, dimension_id, dimension_order, reverse_index) values (22, 3, 4, 1, false);


insert into dataset_type_measurement_type (dataset_type_id, measurement_metatype_id, measurement_type_id, datatype_id, measurement_type_index) values (3, 3, 3, 1, 1);

select pg_catalog.setval('observation_id_seq', 100, false);

select pg_catalog.setval('storage_id_seq', 100, false);


insert into storage_type (storage_type_id, storage_type_name, storage_type_tag, storage_type_location) values (5, 'Landsat 5 TM ARG-25', 'LS5TM', '/g/data/rs0/gdf_trial/20150709');
insert into storage_type (storage_type_id, storage_type_name, storage_type_tag, storage_type_location) values (7, 'Landsat 7 ETM ARG-25', 'LS7ETM', '/g/data/rs0/gdf_trial/20150709');
insert into storage_type (storage_type_id, storage_type_name, storage_type_tag, storage_type_location) values (82, 'Landsat 8 TIRS', 'LS8TIRS', '/g/data/rs0/gdf_trial/20150709');
insert into storage_type (storage_type_id, storage_type_name, storage_type_tag, storage_type_location) values (50, 'Landsat 5 TM ARG-25 with spectral dimension', 'LS5TM-SD', '/g/data/rs0/gdf_trial/20150709');
insert into storage_type (storage_type_id, storage_type_name, storage_type_tag, storage_type_location) values (8, 'Landsat 8 OLI ARG-25', 'LS8OLI', '/g/data/rs0/gdf_trial/20150709');
insert into storage_type (storage_type_id, storage_type_name, storage_type_tag, storage_type_location) values (51, 'Landsat 5 TM ARG-25 Pixel Quality', 'LS5TMPQ', '/g/data/rs0/gdf_trial/20150709');
insert into storage_type (storage_type_id, storage_type_name, storage_type_tag, storage_type_location) values (71, 'Landsat 7 ETM ARG-25 Pixel Quality', 'LS7ETMPQ', '/g/data/rs0/gdf_trial/20150709');
insert into storage_type (storage_type_id, storage_type_name, storage_type_tag, storage_type_location) values (81, 'Landsat 8 OLI ARG-25 Pixel Quality', 'LS8OLIPQ', '/g/data/rs0/gdf_trial/20150709');
insert into storage_type (storage_type_id, storage_type_name, storage_type_tag, storage_type_location) values (100, 'MODIS Terra MOD09', 'MOD09', '/g/data/rs0/gdf_trial/20150709');
insert into storage_type (storage_type_id, storage_type_name, storage_type_tag, storage_type_location) values (101, 'MODIS Terra RBQ500', 'MOD09RBQ', '/g/data/rs0/gdf_trial/20150709');

insert into storage_type_dimension (storage_type_id, domain_id, dimension_id, dimension_order, dimension_extent, dimension_elements, dimension_cache, dimension_origin, indexing_type_id, reference_system_id, index_reference_system_id, reverse_index) values (51, 3, 4, 1, 1, 31622400, 128, 0, 2, 4, 5, false);
insert into storage_type_dimension (storage_type_id, domain_id, dimension_id, dimension_order, dimension_extent, dimension_elements, dimension_cache, dimension_origin, indexing_type_id, reference_system_id, index_reference_system_id, reverse_index) values (71, 3, 4, 1, 1, 31622400, 128, 0, 2, 4, 5, false);
insert into storage_type_dimension (storage_type_id, domain_id, dimension_id, dimension_order, dimension_extent, dimension_elements, dimension_cache, dimension_origin, indexing_type_id, reference_system_id, index_reference_system_id, reverse_index) values (81, 3, 4, 1, 1, 31622400, 128, 0, 2, 4, 5, false);
insert into storage_type_dimension (storage_type_id, domain_id, dimension_id, dimension_order, dimension_extent, dimension_elements, dimension_cache, dimension_origin, indexing_type_id, reference_system_id, index_reference_system_id, reverse_index) values (100, 3, 4, 1, 1, 31622400, 128, 0, 2, 4, 5, false);
insert into storage_type_dimension (storage_type_id, domain_id, dimension_id, dimension_order, dimension_extent, dimension_elements, dimension_cache, dimension_origin, indexing_type_id, reference_system_id, index_reference_system_id, reverse_index) values (101, 3, 4, 1, 1, 31622400, 128, 0, 2, 4, 5, false);
insert into storage_type_dimension (storage_type_id, domain_id, dimension_id, dimension_order, dimension_extent, dimension_elements, dimension_cache, dimension_origin, indexing_type_id, reference_system_id, index_reference_system_id, reverse_index) values (5, 3, 4, 1, 1, 31622400, 128, 0, 2, 4, 5, false);
insert into storage_type_dimension (storage_type_id, domain_id, dimension_id, dimension_order, dimension_extent, dimension_elements, dimension_cache, dimension_origin, indexing_type_id, reference_system_id, index_reference_system_id, reverse_index) values (50, 3, 4, 2, 1, 31622400, 128, 0, 2, 4, 5, false);
insert into storage_type_dimension (storage_type_id, domain_id, dimension_id, dimension_order, dimension_extent, dimension_elements, dimension_cache, dimension_origin, indexing_type_id, reference_system_id, index_reference_system_id, reverse_index) values (7, 3, 4, 1, 1, 31622400, 128, 0, 2, 4, 5, false);
insert into storage_type_dimension (storage_type_id, domain_id, dimension_id, dimension_order, dimension_extent, dimension_elements, dimension_cache, dimension_origin, indexing_type_id, reference_system_id, index_reference_system_id, reverse_index) values (8, 3, 4, 1, 1, 31622400, 128, 0, 2, 4, 5, false);
insert into storage_type_dimension (storage_type_id, domain_id, dimension_id, dimension_order, dimension_extent, dimension_elements, dimension_cache, dimension_origin, indexing_type_id, reference_system_id, index_reference_system_id, reverse_index) values (50, 4, 5, 1, null, null, null, null, 3, 50, 50, false);
insert into storage_type_dimension (storage_type_id, domain_id, dimension_id, dimension_order, dimension_extent, dimension_elements, dimension_cache, dimension_origin, indexing_type_id, reference_system_id, index_reference_system_id, reverse_index) values (5, 1, 1, 3, 1, 4000, 128, 0, 1, 4326, 4326, false);
insert into storage_type_dimension (storage_type_id, domain_id, dimension_id, dimension_order, dimension_extent, dimension_elements, dimension_cache, dimension_origin, indexing_type_id, reference_system_id, index_reference_system_id, reverse_index) values (7, 1, 1, 3, 1, 4000, 128, 0, 1, 4326, 4326, false);
insert into storage_type_dimension (storage_type_id, domain_id, dimension_id, dimension_order, dimension_extent, dimension_elements, dimension_cache, dimension_origin, indexing_type_id, reference_system_id, index_reference_system_id, reverse_index) values (8, 1, 1, 3, 1, 4000, 128, 0, 1, 4326, 4326, false);
insert into storage_type_dimension (storage_type_id, domain_id, dimension_id, dimension_order, dimension_extent, dimension_elements, dimension_cache, dimension_origin, indexing_type_id, reference_system_id, index_reference_system_id, reverse_index) values (51, 1, 1, 3, 1, 4000, 128, 0, 1, 4326, 4326, false);
insert into storage_type_dimension (storage_type_id, domain_id, dimension_id, dimension_order, dimension_extent, dimension_elements, dimension_cache, dimension_origin, indexing_type_id, reference_system_id, index_reference_system_id, reverse_index) values (71, 1, 1, 3, 1, 4000, 128, 0, 1, 4326, 4326, false);
insert into storage_type_dimension (storage_type_id, domain_id, dimension_id, dimension_order, dimension_extent, dimension_elements, dimension_cache, dimension_origin, indexing_type_id, reference_system_id, index_reference_system_id, reverse_index) values (81, 1, 1, 3, 1, 4000, 128, 0, 1, 4326, 4326, false);
insert into storage_type_dimension (storage_type_id, domain_id, dimension_id, dimension_order, dimension_extent, dimension_elements, dimension_cache, dimension_origin, indexing_type_id, reference_system_id, index_reference_system_id, reverse_index) values (100, 1, 1, 3, 10, 2000, 128, 0, 1, 4326, 4326, false);
insert into storage_type_dimension (storage_type_id, domain_id, dimension_id, dimension_order, dimension_extent, dimension_elements, dimension_cache, dimension_origin, indexing_type_id, reference_system_id, index_reference_system_id, reverse_index) values (101, 1, 1, 3, 10, 4000, 128, 0, 1, 4326, 4326, false);
insert into storage_type_dimension (storage_type_id, domain_id, dimension_id, dimension_order, dimension_extent, dimension_elements, dimension_cache, dimension_origin, indexing_type_id, reference_system_id, index_reference_system_id, reverse_index) values (71, 1, 2, 2, 1, 4000, 128, 0, 1, 4326, 4326, true);
insert into storage_type_dimension (storage_type_id, domain_id, dimension_id, dimension_order, dimension_extent, dimension_elements, dimension_cache, dimension_origin, indexing_type_id, reference_system_id, index_reference_system_id, reverse_index) values (81, 1, 2, 2, 1, 4000, 128, 0, 1, 4326, 4326, true);
insert into storage_type_dimension (storage_type_id, domain_id, dimension_id, dimension_order, dimension_extent, dimension_elements, dimension_cache, dimension_origin, indexing_type_id, reference_system_id, index_reference_system_id, reverse_index) values (51, 1, 2, 2, 1, 4000, 128, 0, 1, 4326, 4326, true);
insert into storage_type_dimension (storage_type_id, domain_id, dimension_id, dimension_order, dimension_extent, dimension_elements, dimension_cache, dimension_origin, indexing_type_id, reference_system_id, index_reference_system_id, reverse_index) values (101, 1, 2, 2, 10, 4000, 128, 0, 1, 4326, 4326, true);
insert into storage_type_dimension (storage_type_id, domain_id, dimension_id, dimension_order, dimension_extent, dimension_elements, dimension_cache, dimension_origin, indexing_type_id, reference_system_id, index_reference_system_id, reverse_index) values (7, 1, 2, 2, 1, 4000, 128, 0, 1, 4326, 4326, true);
insert into storage_type_dimension (storage_type_id, domain_id, dimension_id, dimension_order, dimension_extent, dimension_elements, dimension_cache, dimension_origin, indexing_type_id, reference_system_id, index_reference_system_id, reverse_index) values (8, 1, 2, 2, 1, 4000, 128, 0, 1, 4326, 4326, true);
insert into storage_type_dimension (storage_type_id, domain_id, dimension_id, dimension_order, dimension_extent, dimension_elements, dimension_cache, dimension_origin, indexing_type_id, reference_system_id, index_reference_system_id, reverse_index) values (5, 1, 2, 2, 1, 4000, 128, 0, 1, 4326, 4326, true);
insert into storage_type_dimension (storage_type_id, domain_id, dimension_id, dimension_order, dimension_extent, dimension_elements, dimension_cache, dimension_origin, indexing_type_id, reference_system_id, index_reference_system_id, reverse_index) values (100, 1, 2, 2, 10, 2000, 128, 0, 1, 4326, 4326, true);
insert into storage_type_dimension (storage_type_id, domain_id, dimension_id, dimension_order, dimension_extent, dimension_elements, dimension_cache, dimension_origin, indexing_type_id, reference_system_id, index_reference_system_id, reverse_index) values (50, 1, 1, 4, 1, 4000, 128, 0, 1, 4326, 4326, false);
insert into storage_type_dimension (storage_type_id, domain_id, dimension_id, dimension_order, dimension_extent, dimension_elements, dimension_cache, dimension_origin, indexing_type_id, reference_system_id, index_reference_system_id, reverse_index) values (50, 1, 2, 3, 1, 4000, 128, 0, 1, 4326, 4326, true);

insert into storage_type_dimension_property (storage_type_id, domain_id, dimension_id, property_id, attribute_string) values (5, 1, 1, 1, 'longitude');
insert into storage_type_dimension_property (storage_type_id, domain_id, dimension_id, property_id, attribute_string) values (5, 1, 1, 2, 'longitude');
insert into storage_type_dimension_property (storage_type_id, domain_id, dimension_id, property_id, attribute_string) values (5, 1, 1, 3, 'degrees_east');
insert into storage_type_dimension_property (storage_type_id, domain_id, dimension_id, property_id, attribute_string) values (5, 1, 1, 4, 'X');
insert into storage_type_dimension_property (storage_type_id, domain_id, dimension_id, property_id, attribute_string) values (5, 3, 4, 5, 'gregorian');
insert into storage_type_dimension_property (storage_type_id, domain_id, dimension_id, property_id, attribute_string) values (5, 1, 2, 1, 'latitude');
insert into storage_type_dimension_property (storage_type_id, domain_id, dimension_id, property_id, attribute_string) values (5, 1, 2, 2, 'latitude');
insert into storage_type_dimension_property (storage_type_id, domain_id, dimension_id, property_id, attribute_string) values (5, 1, 2, 3, 'degrees_north');
insert into storage_type_dimension_property (storage_type_id, domain_id, dimension_id, property_id, attribute_string) values (5, 1, 2, 4, 'Y');
insert into storage_type_dimension_property (storage_type_id, domain_id, dimension_id, property_id, attribute_string) values (5, 3, 4, 1, 'time');
insert into storage_type_dimension_property (storage_type_id, domain_id, dimension_id, property_id, attribute_string) values (5, 3, 4, 2, 'time');
insert into storage_type_dimension_property (storage_type_id, domain_id, dimension_id, property_id, attribute_string) values (5, 3, 4, 3, 'seconds since 1970-01-01 ');
insert into storage_type_dimension_property (storage_type_id, domain_id, dimension_id, property_id, attribute_string) values (5, 3, 4, 4, 'T');
insert into storage_type_dimension_property (storage_type_id, domain_id, dimension_id, property_id, attribute_string) values (8, 1, 1, 1, 'longitude');
insert into storage_type_dimension_property (storage_type_id, domain_id, dimension_id, property_id, attribute_string) values (8, 1, 1, 2, 'longitude');
insert into storage_type_dimension_property (storage_type_id, domain_id, dimension_id, property_id, attribute_string) values (8, 1, 1, 3, 'degrees_east');
insert into storage_type_dimension_property (storage_type_id, domain_id, dimension_id, property_id, attribute_string) values (8, 1, 1, 4, 'X');
insert into storage_type_dimension_property (storage_type_id, domain_id, dimension_id, property_id, attribute_string) values (8, 3, 4, 5, 'gregorian');
insert into storage_type_dimension_property (storage_type_id, domain_id, dimension_id, property_id, attribute_string) values (8, 1, 2, 1, 'latitude');
insert into storage_type_dimension_property (storage_type_id, domain_id, dimension_id, property_id, attribute_string) values (8, 1, 2, 2, 'latitude');
insert into storage_type_dimension_property (storage_type_id, domain_id, dimension_id, property_id, attribute_string) values (8, 1, 2, 3, 'degrees_north');
insert into storage_type_dimension_property (storage_type_id, domain_id, dimension_id, property_id, attribute_string) values (8, 1, 2, 4, 'Y');
insert into storage_type_dimension_property (storage_type_id, domain_id, dimension_id, property_id, attribute_string) values (8, 3, 4, 1, 'time');
insert into storage_type_dimension_property (storage_type_id, domain_id, dimension_id, property_id, attribute_string) values (8, 3, 4, 2, 'time');
insert into storage_type_dimension_property (storage_type_id, domain_id, dimension_id, property_id, attribute_string) values (8, 3, 4, 3, 'seconds since 1970-01-01 ');
insert into storage_type_dimension_property (storage_type_id, domain_id, dimension_id, property_id, attribute_string) values (8, 3, 4, 4, 'T');
insert into storage_type_dimension_property (storage_type_id, domain_id, dimension_id, property_id, attribute_string) values (7, 1, 1, 1, 'longitude');
insert into storage_type_dimension_property (storage_type_id, domain_id, dimension_id, property_id, attribute_string) values (7, 1, 1, 2, 'longitude');
insert into storage_type_dimension_property (storage_type_id, domain_id, dimension_id, property_id, attribute_string) values (7, 1, 1, 3, 'degrees_east');
insert into storage_type_dimension_property (storage_type_id, domain_id, dimension_id, property_id, attribute_string) values (7, 1, 1, 4, 'X');
insert into storage_type_dimension_property (storage_type_id, domain_id, dimension_id, property_id, attribute_string) values (7, 3, 4, 5, 'gregorian');
insert into storage_type_dimension_property (storage_type_id, domain_id, dimension_id, property_id, attribute_string) values (7, 1, 2, 1, 'latitude');
insert into storage_type_dimension_property (storage_type_id, domain_id, dimension_id, property_id, attribute_string) values (7, 1, 2, 2, 'latitude');
insert into storage_type_dimension_property (storage_type_id, domain_id, dimension_id, property_id, attribute_string) values (7, 1, 2, 3, 'degrees_north');
insert into storage_type_dimension_property (storage_type_id, domain_id, dimension_id, property_id, attribute_string) values (7, 1, 2, 4, 'Y');
insert into storage_type_dimension_property (storage_type_id, domain_id, dimension_id, property_id, attribute_string) values (7, 3, 4, 1, 'time');
insert into storage_type_dimension_property (storage_type_id, domain_id, dimension_id, property_id, attribute_string) values (7, 3, 4, 2, 'time');
insert into storage_type_dimension_property (storage_type_id, domain_id, dimension_id, property_id, attribute_string) values (7, 3, 4, 3, 'seconds since 1970-01-01 ');
insert into storage_type_dimension_property (storage_type_id, domain_id, dimension_id, property_id, attribute_string) values (7, 3, 4, 4, 'T');
insert into storage_type_dimension_property (storage_type_id, domain_id, dimension_id, property_id, attribute_string) values (51, 1, 1, 1, 'longitude');
insert into storage_type_dimension_property (storage_type_id, domain_id, dimension_id, property_id, attribute_string) values (51, 1, 1, 2, 'longitude');
insert into storage_type_dimension_property (storage_type_id, domain_id, dimension_id, property_id, attribute_string) values (51, 1, 1, 3, 'degrees_east');
insert into storage_type_dimension_property (storage_type_id, domain_id, dimension_id, property_id, attribute_string) values (51, 1, 1, 4, 'X');
insert into storage_type_dimension_property (storage_type_id, domain_id, dimension_id, property_id, attribute_string) values (51, 3, 4, 5, 'gregorian');
insert into storage_type_dimension_property (storage_type_id, domain_id, dimension_id, property_id, attribute_string) values (51, 1, 2, 1, 'latitude');
insert into storage_type_dimension_property (storage_type_id, domain_id, dimension_id, property_id, attribute_string) values (51, 1, 2, 2, 'latitude');
insert into storage_type_dimension_property (storage_type_id, domain_id, dimension_id, property_id, attribute_string) values (51, 1, 2, 3, 'degrees_north');
insert into storage_type_dimension_property (storage_type_id, domain_id, dimension_id, property_id, attribute_string) values (51, 1, 2, 4, 'Y');
insert into storage_type_dimension_property (storage_type_id, domain_id, dimension_id, property_id, attribute_string) values (51, 3, 4, 1, 'time');
insert into storage_type_dimension_property (storage_type_id, domain_id, dimension_id, property_id, attribute_string) values (51, 3, 4, 2, 'time');
insert into storage_type_dimension_property (storage_type_id, domain_id, dimension_id, property_id, attribute_string) values (51, 3, 4, 3, 'seconds since 1970-01-01 ');
insert into storage_type_dimension_property (storage_type_id, domain_id, dimension_id, property_id, attribute_string) values (51, 3, 4, 4, 'T');
insert into storage_type_dimension_property (storage_type_id, domain_id, dimension_id, property_id, attribute_string) values (81, 1, 1, 1, 'longitude');
insert into storage_type_dimension_property (storage_type_id, domain_id, dimension_id, property_id, attribute_string) values (81, 1, 1, 2, 'longitude');
insert into storage_type_dimension_property (storage_type_id, domain_id, dimension_id, property_id, attribute_string) values (81, 1, 1, 3, 'degrees_east');
insert into storage_type_dimension_property (storage_type_id, domain_id, dimension_id, property_id, attribute_string) values (81, 1, 1, 4, 'X');
insert into storage_type_dimension_property (storage_type_id, domain_id, dimension_id, property_id, attribute_string) values (81, 3, 4, 5, 'gregorian');
insert into storage_type_dimension_property (storage_type_id, domain_id, dimension_id, property_id, attribute_string) values (81, 1, 2, 1, 'latitude');
insert into storage_type_dimension_property (storage_type_id, domain_id, dimension_id, property_id, attribute_string) values (81, 1, 2, 2, 'latitude');
insert into storage_type_dimension_property (storage_type_id, domain_id, dimension_id, property_id, attribute_string) values (81, 1, 2, 3, 'degrees_north');
insert into storage_type_dimension_property (storage_type_id, domain_id, dimension_id, property_id, attribute_string) values (81, 1, 2, 4, 'Y');
insert into storage_type_dimension_property (storage_type_id, domain_id, dimension_id, property_id, attribute_string) values (81, 3, 4, 1, 'time');
insert into storage_type_dimension_property (storage_type_id, domain_id, dimension_id, property_id, attribute_string) values (81, 3, 4, 2, 'time');
insert into storage_type_dimension_property (storage_type_id, domain_id, dimension_id, property_id, attribute_string) values (81, 3, 4, 3, 'seconds since 1970-01-01 ');
insert into storage_type_dimension_property (storage_type_id, domain_id, dimension_id, property_id, attribute_string) values (81, 3, 4, 4, 'T');
insert into storage_type_dimension_property (storage_type_id, domain_id, dimension_id, property_id, attribute_string) values (71, 1, 1, 1, 'longitude');
insert into storage_type_dimension_property (storage_type_id, domain_id, dimension_id, property_id, attribute_string) values (71, 1, 1, 2, 'longitude');
insert into storage_type_dimension_property (storage_type_id, domain_id, dimension_id, property_id, attribute_string) values (71, 1, 1, 3, 'degrees_east');
insert into storage_type_dimension_property (storage_type_id, domain_id, dimension_id, property_id, attribute_string) values (71, 1, 1, 4, 'X');
insert into storage_type_dimension_property (storage_type_id, domain_id, dimension_id, property_id, attribute_string) values (71, 3, 4, 5, 'gregorian');
insert into storage_type_dimension_property (storage_type_id, domain_id, dimension_id, property_id, attribute_string) values (71, 1, 2, 1, 'latitude');
insert into storage_type_dimension_property (storage_type_id, domain_id, dimension_id, property_id, attribute_string) values (71, 1, 2, 2, 'latitude');
insert into storage_type_dimension_property (storage_type_id, domain_id, dimension_id, property_id, attribute_string) values (71, 1, 2, 3, 'degrees_north');
insert into storage_type_dimension_property (storage_type_id, domain_id, dimension_id, property_id, attribute_string) values (71, 1, 2, 4, 'Y');
insert into storage_type_dimension_property (storage_type_id, domain_id, dimension_id, property_id, attribute_string) values (71, 3, 4, 1, 'time');
insert into storage_type_dimension_property (storage_type_id, domain_id, dimension_id, property_id, attribute_string) values (71, 3, 4, 2, 'time');
insert into storage_type_dimension_property (storage_type_id, domain_id, dimension_id, property_id, attribute_string) values (71, 3, 4, 3, 'seconds since 1970-01-01 ');
insert into storage_type_dimension_property (storage_type_id, domain_id, dimension_id, property_id, attribute_string) values (71, 3, 4, 4, 'T');
insert into storage_type_dimension_property (storage_type_id, domain_id, dimension_id, property_id, attribute_string) values (100, 1, 1, 1, 'longitude');
insert into storage_type_dimension_property (storage_type_id, domain_id, dimension_id, property_id, attribute_string) values (100, 1, 1, 2, 'longitude');
insert into storage_type_dimension_property (storage_type_id, domain_id, dimension_id, property_id, attribute_string) values (100, 1, 1, 3, 'degrees_east');
insert into storage_type_dimension_property (storage_type_id, domain_id, dimension_id, property_id, attribute_string) values (100, 1, 1, 4, 'X');
insert into storage_type_dimension_property (storage_type_id, domain_id, dimension_id, property_id, attribute_string) values (100, 3, 4, 5, 'gregorian');
insert into storage_type_dimension_property (storage_type_id, domain_id, dimension_id, property_id, attribute_string) values (100, 1, 2, 1, 'latitude');
insert into storage_type_dimension_property (storage_type_id, domain_id, dimension_id, property_id, attribute_string) values (100, 1, 2, 2, 'latitude');
insert into storage_type_dimension_property (storage_type_id, domain_id, dimension_id, property_id, attribute_string) values (100, 1, 2, 3, 'degrees_north');
insert into storage_type_dimension_property (storage_type_id, domain_id, dimension_id, property_id, attribute_string) values (100, 1, 2, 4, 'Y');
insert into storage_type_dimension_property (storage_type_id, domain_id, dimension_id, property_id, attribute_string) values (100, 3, 4, 1, 'time');
insert into storage_type_dimension_property (storage_type_id, domain_id, dimension_id, property_id, attribute_string) values (100, 3, 4, 2, 'time');
insert into storage_type_dimension_property (storage_type_id, domain_id, dimension_id, property_id, attribute_string) values (100, 3, 4, 3, 'seconds since 1970-01-01 ');
insert into storage_type_dimension_property (storage_type_id, domain_id, dimension_id, property_id, attribute_string) values (100, 3, 4, 4, 'T');

insert into storage_type_measurement_type (storage_type_id, measurement_metatype_id, measurement_type_id, datatype_id, measurement_type_index, nodata_value) values (5, 1, 51, 1, 1, -999);
insert into storage_type_measurement_type (storage_type_id, measurement_metatype_id, measurement_type_id, datatype_id, measurement_type_index, nodata_value) values (5, 1, 52, 1, 2, -999);
insert into storage_type_measurement_type (storage_type_id, measurement_metatype_id, measurement_type_id, datatype_id, measurement_type_index, nodata_value) values (5, 1, 53, 1, 3, -999);
insert into storage_type_measurement_type (storage_type_id, measurement_metatype_id, measurement_type_id, datatype_id, measurement_type_index, nodata_value) values (5, 1, 54, 1, 4, -999);
insert into storage_type_measurement_type (storage_type_id, measurement_metatype_id, measurement_type_id, datatype_id, measurement_type_index, nodata_value) values (5, 1, 55, 1, 5, -999);
insert into storage_type_measurement_type (storage_type_id, measurement_metatype_id, measurement_type_id, datatype_id, measurement_type_index, nodata_value) values (5, 1, 57, 1, 6, -999);
insert into storage_type_measurement_type (storage_type_id, measurement_metatype_id, measurement_type_id, datatype_id, measurement_type_index, nodata_value) values (7, 1, 71, 1, 1, -999);
insert into storage_type_measurement_type (storage_type_id, measurement_metatype_id, measurement_type_id, datatype_id, measurement_type_index, nodata_value) values (7, 1, 72, 1, 2, -999);
insert into storage_type_measurement_type (storage_type_id, measurement_metatype_id, measurement_type_id, datatype_id, measurement_type_index, nodata_value) values (7, 1, 73, 1, 3, -999);
insert into storage_type_measurement_type (storage_type_id, measurement_metatype_id, measurement_type_id, datatype_id, measurement_type_index, nodata_value) values (7, 1, 74, 1, 4, -999);
insert into storage_type_measurement_type (storage_type_id, measurement_metatype_id, measurement_type_id, datatype_id, measurement_type_index, nodata_value) values (7, 1, 75, 1, 5, -999);
insert into storage_type_measurement_type (storage_type_id, measurement_metatype_id, measurement_type_id, datatype_id, measurement_type_index, nodata_value) values (7, 1, 77, 1, 6, -999);
insert into storage_type_measurement_type (storage_type_id, measurement_metatype_id, measurement_type_id, datatype_id, measurement_type_index, nodata_value) values (50, 10, 1000, 1, 1, -999);
insert into storage_type_measurement_type (storage_type_id, measurement_metatype_id, measurement_type_id, datatype_id, measurement_type_index, nodata_value) values (51, 3, 3, 1, 1, null);
insert into storage_type_measurement_type (storage_type_id, measurement_metatype_id, measurement_type_id, datatype_id, measurement_type_index, nodata_value) values (71, 3, 3, 1, 1, null);
insert into storage_type_measurement_type (storage_type_id, measurement_metatype_id, measurement_type_id, datatype_id, measurement_type_index, nodata_value) values (81, 3, 3, 1, 1, null);
insert into storage_type_measurement_type (storage_type_id, measurement_metatype_id, measurement_type_id, datatype_id, measurement_type_index, nodata_value) values (100, 1, 200, 1, 1, -28672);
insert into storage_type_measurement_type (storage_type_id, measurement_metatype_id, measurement_type_id, datatype_id, measurement_type_index, nodata_value) values (100, 1, 201, 1, 2, -28672);
insert into storage_type_measurement_type (storage_type_id, measurement_metatype_id, measurement_type_id, datatype_id, measurement_type_index, nodata_value) values (100, 1, 202, 1, 3, -28672);
insert into storage_type_measurement_type (storage_type_id, measurement_metatype_id, measurement_type_id, datatype_id, measurement_type_index, nodata_value) values (100, 1, 203, 1, 4, -28672);
insert into storage_type_measurement_type (storage_type_id, measurement_metatype_id, measurement_type_id, datatype_id, measurement_type_index, nodata_value) values (8, 1, 81, 1, 1, -999);
insert into storage_type_measurement_type (storage_type_id, measurement_metatype_id, measurement_type_id, datatype_id, measurement_type_index, nodata_value) values (8, 1, 82, 1, 2, -999);
insert into storage_type_measurement_type (storage_type_id, measurement_metatype_id, measurement_type_id, datatype_id, measurement_type_index, nodata_value) values (8, 1, 84, 1, 4, -999);
insert into storage_type_measurement_type (storage_type_id, measurement_metatype_id, measurement_type_id, datatype_id, measurement_type_index, nodata_value) values (8, 1, 83, 1, 3, -999);
insert into storage_type_measurement_type (storage_type_id, measurement_metatype_id, measurement_type_id, datatype_id, measurement_type_index, nodata_value) values (8, 1, 85, 1, 5, -999);
insert into storage_type_measurement_type (storage_type_id, measurement_metatype_id, measurement_type_id, datatype_id, measurement_type_index, nodata_value) values (8, 1, 86, 1, 6, -999);
insert into storage_type_measurement_type (storage_type_id, measurement_metatype_id, measurement_type_id, datatype_id, measurement_type_index, nodata_value) values (8, 1, 87, 1, 7, -999);
insert into storage_type_measurement_type (storage_type_id, measurement_metatype_id, measurement_type_id, datatype_id, measurement_type_index, nodata_value) values (100, 1, 204, 1, 5, -28672);
insert into storage_type_measurement_type (storage_type_id, measurement_metatype_id, measurement_type_id, datatype_id, measurement_type_index, nodata_value) values (100, 1, 205, 1, 6, -28672);
insert into storage_type_measurement_type (storage_type_id, measurement_metatype_id, measurement_type_id, datatype_id, measurement_type_index, nodata_value) values (100, 1, 206, 1, 7, -28672);

